
<!-- Scenario display cnofiguration file for "Event Viewer" -->

<!-- Event Viewer --> 
<!-- by Mathieu Guillame-Bert --> 
<!-- http://www-prima.inrialpes.fr/guillame-bert/ --> 


<config backgroundcolor="black" displayDate="true" timeInfoInterval="1" >

	<!-- loading of the events -->
	
	<file path="forexdata\forex_M30_sort_sub_2.event" prefix="offline." />
	<!-- <file path="forexdata\forex_M1_sort_sub_2.event" prefix="offline." /> -->
	<file path="forexdata\analyse2_sub_2_M30.log" prefix="offline." />
	<file path="forexdata\analyse1_sub_2_M30_onlySilence.event" prefix="offline." />

	<!-- exchange rate -->
	<layout type="curve" title = "state" size="1" superposed = "true">
		<predicates name="offline.EURUSD_Open_M30" />
		<!-- <predicates name="offline.EURUSD_Open_M1" /> # you should also load file forex_M1_sort_sub_2 to see this data-->
	</layout>
	
	<!-- silences -->
	<layout type="state" title = "state" size="1" superposed = "false">
		<predicates name="offline.state.\S+silence" />
	</layout>

	<!-- raw indicators -->
	
	<layout type="curve" title = "state" size="1" superposed = "true">
		<predicates name="offline.EURUSD_MACD_M30_Main" />
		<predicates name="offline.EURUSD_MACD_M30_Signal" />
	</layout>

	<!--
	<layout type="curve" title = "state" size="1" superposed = "true">
		<predicates name="offline.EURUSD_Awesome_M30" />
	</layout>

	<layout type="curve" title = "state" size="1" superposed = "true">
		<predicates name="offline.EURUSD_SMMA_M30_15" />
		<predicates name="offline.EURUSD_SMMA_M30_30" />
		<predicates name="offline.EURUSD_SMMA_M30_60" />
	</layout>
	
	<layout type="curve" title = "state" size="1" superposed = "true">
		<predicates name="offline.EURUSD_BB_M30_Low" />
		<predicates name="offline.EURUSD_BB_M30_Up" />
	</layout>
	-->
	
	<!-- Example of processed indicators event signal (because there are a lot) -->
	
	<layout type="marker" title = "state" size="1" superposed = "true">
		<predicates name="offline.event.EURUSD_MACD_M30_Main_CrossDown_-0.0010000000" />
	</layout>
	
	
	<!-- Example of processed indicators state signal (because there are a lot)  -->
	
	<layout type="state" title = "state" size="1" superposed = "true">
		<predicates name="offline.state.EURUSD_MACD_M30_Main_minus_EURUSD_MACD_M30_Signal_GreaterThan_0.0001250000" />
	</layout>
	
	<!-- processed indicators as states -->
		
	<!--
	<layout type="state" title = "state" size="1" superposed = "false">
		<predicates name="offline.state.\S+GreaterThan\S+" />
		<predicates name="offline.state.\S+Inside\S+" />
	</layout>
	-->
	
	<!-- processed indicators as events -->
	<!--
	<layout type="marker" title = "state" size="1" superposed = "false">
		<predicates name="offline.event.\S+CrossUp\S+" />
		<predicates name="offline.event.\S+CrossDown\S+" />
	</layout>
	-->
	
	<!-- processed trends as states -->
	<!--
	<layout type="state" title = "state" size="1" superposed = "false">
		<predicates name="offline.state.\S+mTrend\S+" />
		<predicates name="offline.state.\S+pTrend\S+" />
	</layout>
	-->

	<!-- processed trends as events -->
	<!--
	<layout type="marker" title = "state" size="1" superposed = "false">
		<predicates name="offline.event.\S+mTrend\S+" />
		<predicates name="offline.event.\S+pTrend\S+" />
	</layout>
	-->

</config>
