
<!-- Scenario display cnofiguration file for "Event Viewer" -->
<!-- Exemple of use --> 

<!-- Event Viewer --> 
<!-- by Mathieu Guillame-Bert --> 
<!-- http://www-prima.inrialpes.fr/guillame-bert/ --> 

<!-- Based on "Home activities dataset" data -->
<!-- "Accurate Activity Recognition in a Home Setting" -->
<!-- by Tim van Kasteren, Athanasios Noulas, Gwenn Englebienne and Ben Krose -->

<!-- displayDate : display date in graph -->
<!-- backgroundcolor : graph back ground color -->

<config backgroundcolor="black" displayDate="true" timeInfoInterval="1" >

	<!-- loading of the events -->
	<file path="homedataset.sce" />

	<!-- displaying states  -->
	<layout type="state" title = "state" size="1">
		<predicates name="action\S+" />
	</layout>
	
	<layout type="state" title = "state" size="1">
		<predicates name="sensor\S+" />
	</layout>
	
	<layout type="state" title = "state" size="1" >
		<predicates name="hour\w+" />
	</layout>

</config>
